FeedbackID,CustomerID,ProductID,FeedbackDate,Rating,SatisfactionScore,WouldRecommend
FB_0001,CUST_0116,PROD_0081,2022-01-13,3,3,False
FB_0002,CUST_0374,PROD_0090,2023-03-23,1,3,True
FB_0003,CUST_0380,PROD_0064,2024-03-18,2,3,True
FB_0004,CUST_0476,PROD_0184,2024-08-25,2,3,False
FB_0005,CUST_0081,PROD_0109,2023-07-09,5,9,True
FB_0006,CUST_0285,PROD_0083,2023-10-20,5,6,True
FB_0007,CUST_0300,PROD_0172,2023-09-18,3,6,False
FB_0008,CUST_0052,PROD_0104,2022-08-25,5,8,True
FB_0009,CUST_0230,PROD_0018,2022-04-23,2,9,False
FB_0010,CUST_0158,PROD_0154,2022-07-09,3,8,False
FB_0011,CUST_0138,PROD_0121,2023-04-17,3,4,False
FB_0012,CUST_0153,PROD_0113,2024-12-19,2,8,False
FB_0013,CUST_0298,PROD_0077,2024-07-29,2,5,False
FB_0014,CUST_0019,PROD_0086,2023-04-19,4,9,True
FB_0015,CUST_0100,PROD_0032,2024-12-21,2,7,True
FB_0016,CUST_0353,PROD_0052,2023-05-06,5,10,False
FB_0017,CUST_0480,PROD_0010,2024-11-16,4,9,True
FB_0018,CUST_0181,PROD_0045,2024-09-09,5,8,True
FB_0019,CUST_0147,PROD_0143,2024-06-09,2,6,False
FB_0020,CUST_0093,PROD_0032,2024-06-30,3,7,False
FB_0021,CUST_0475,PROD_0084,2023-04-09,4,9,True
FB_0022,CUST_0263,PROD_0145,2022-08-08,3,8,False
FB_0023,CUST_0143,PROD_0098,2024-10-13,1,8,False
FB_0024,CUST_0478,PROD_0042,2024-03-25,5,2,True
FB_0025,CUST_0108,PROD_0102,2022-10-07,5,10,False
FB_0026,CUST_0323,PROD_0111,2023-06-21,3,1,True
FB_0027,CUST_0058,PROD_0013,2024-12-26,5,9,False
FB_0028,CUST_0117,PROD_0148,2022-02-04,5,4,True
FB_0029,CUST_0049,PROD_0181,2022-06-24,5,10,True
FB_0030,CUST_0464,PROD_0074,2022-12-15,3,7,False
FB_0031,CUST_0318,PROD_0193,2024-07-26,5,6,True
FB_0032,CUST_0288,PROD_0095,2024-10-01,3,10,False
FB_0033,CUST_0485,PROD_0133,2022-08-16,4,3,True
FB_0034,CUST_0226,PROD_0191,2024-08-05,5,10,True
FB_0035,CUST_0154,PROD_0136,2023-01-20,5,8,False
FB_0036,CUST_0008,PROD_0085,2024-12-19,3,5,True
FB_0037,CUST_0405,PROD_0069,2023-02-27,4,3,True
FB_0038,CUST_0043,PROD_0047,2023-03-22,1,4,False
FB_0039,CUST_0435,PROD_0138,2022-08-22,1,10,False
FB_0040,CUST_0428,PROD_0138,2022-06-13,3,6,True
FB_0041,CUST_0378,PROD_0159,2022-12-08,1,8,False
FB_0042,CUST_0162,PROD_0038,2024-05-20,5,4,True
FB_0043,CUST_0046,PROD_0161,2023-10-04,5,9,False
FB_0044,CUST_0493,PROD_0192,2022-01-25,3,4,False
FB_0045,CUST_0011,PROD_0192,2022-09-06,1,10,True
FB_0046,CUST_0006,PROD_0064,2024-12-26,2,10,False
FB_0047,CUST_0069,PROD_0166,2023-10-08,3,2,False
FB_0048,CUST_0022,PROD_0147,2022-05-01,5,9,True
FB_0049,CUST_0022,PROD_0073,2023-11-03,1,3,False
FB_0050,CUST_0366,PROD_0119,2023-02-28,4,2,False
FB_0051,CUST_0106,PROD_0098,2024-04-03,2,8,False
FB_0052,CUST_0354,PROD_0090,2024-11-09,5,7,True
FB_0053,CUST_0181,PROD_0062,2022-05-04,1,6,False
FB_0054,CUST_0047,PROD_0094,2023-08-21,4,4,True
FB_0055,CUST_0441,PROD_0099,2024-02-09,2,10,False
FB_0056,CUST_0183,PROD_0089,2022-08-25,1,7,False
FB_0057,CUST_0202,PROD_0174,2022-03-29,3,4,False
FB_0058,CUST_0094,PROD_0117,2022-02-27,2,9,False
FB_0059,CUST_0210,PROD_0002,2023-12-04,2,3,False
FB_0060,CUST_0414,PROD_0066,2023-06-10,2,7,True
FB_0061,CUST_0458,PROD_0027,2024-08-03,3,4,False
FB_0062,CUST_0210,PROD_0068,2022-03-29,3,2,False
FB_0063,CUST_0343,PROD_0144,2022-01-03,2,4,False
FB_0064,CUST_0074,PROD_0125,2024-05-09,2,7,True
FB_0065,CUST_0135,PROD_0163,2023-06-15,3,8,False
FB_0066,CUST_0304,PROD_0082,2023-03-09,1,10,True
FB_0067,CUST_0215,PROD_0127,2024-04-03,3,10,False
FB_0068,CUST_0089,PROD_0130,2023-07-24,5,8,True
FB_0069,CUST_0387,PROD_0090,2022-08-18,2,6,False
FB_0070,CUST_0434,PROD_0126,2022-09-10,4,4,False
FB_0071,CUST_0413,PROD_0142,2022-09-03,1,7,True
FB_0072,CUST_0104,PROD_0079,2023-03-03,5,9,False
FB_0073,CUST_0106,PROD_0141,2024-08-20,4,6,True
FB_0074,CUST_0110,PROD_0104,2023-08-05,4,1,True
FB_0075,CUST_0120,PROD_0184,2022-01-18,5,1,True
FB_0076,CUST_0099,PROD_0132,2024-05-08,1,3,False
FB_0077,CUST_0069,PROD_0090,2023-06-26,2,1,True
FB_0078,CUST_0336,PROD_0044,2023-04-22,1,10,False
FB_0079,CUST_0231,PROD_0119,2022-10-02,1,5,True
FB_0080,CUST_0011,PROD_0015,2024-10-10,5,5,True
FB_0081,CUST_0082,PROD_0070,2024-01-31,2,9,True
FB_0082,CUST_0319,PROD_0124,2023-09-26,2,3,False
FB_0083,CUST_0279,PROD_0120,2022-02-27,5,9,True
FB_0084,CUST_0382,PROD_0100,2023-06-08,5,7,True
FB_0085,CUST_0091,PROD_0096,2022-06-10,4,3,True
FB_0086,CUST_0008,PROD_0068,2023-03-15,2,7,True
FB_0087,CUST_0274,PROD_0160,2022-04-16,1,4,False
FB_0088,CUST_0270,PROD_0111,2022-07-23,4,4,False
FB_0089,CUST_0007,PROD_0039,2024-03-28,4,3,True
FB_0090,CUST_0399,PROD_0009,2022-03-07,5,4,False
FB_0091,CUST_0370,PROD_0035,2022-05-24,5,6,False
FB_0092,CUST_0491,PROD_0140,2022-03-05,1,6,False
FB_0093,CUST_0310,PROD_0081,2022-03-03,1,8,False
FB_0094,CUST_0171,PROD_0145,2022-01-26,1,4,True
FB_0095,CUST_0098,PROD_0193,2022-03-12,4,3,True
FB_0096,CUST_0056,PROD_0053,2024-02-19,5,1,True
FB_0097,CUST_0336,PROD_0100,2024-10-12,2,3,True
FB_0098,CUST_0412,PROD_0065,2023-10-10,3,7,False
FB_0099,CUST_0057,PROD_0146,2022-12-09,4,8,False
FB_0100,CUST_0132,PROD_0079,2023-05-17,3,3,False
FB_0101,CUST_0151,PROD_0034,2023-01-12,2,2,True
FB_0102,CUST_0074,PROD_0088,2023-01-06,2,10,True
FB_0103,CUST_0073,PROD_0188,2022-02-04,5,5,False
FB_0104,CUST_0453,PROD_0047,2024-02-09,5,1,True
FB_0105,CUST_0216,PROD_0165,2023-12-25,3,2,False
FB_0106,CUST_0241,PROD_0105,2022-06-11,4,10,True
FB_0107,CUST_0497,PROD_0174,2022-10-02,3,6,True
FB_0108,CUST_0196,PROD_0010,2022-09-27,1,2,False
FB_0109,CUST_0490,PROD_0138,2022-07-06,2,7,False
FB_0110,CUST_0376,PROD_0156,2024-04-27,3,9,False
FB_0111,CUST_0065,PROD_0055,2024-08-07,3,1,False
FB_0112,CUST_0234,PROD_0067,2022-02-18,5,4,True
FB_0113,CUST_0290,PROD_0029,2022-03-08,4,5,True
FB_0114,CUST_0224,PROD_0077,2022-03-31,1,7,False
FB_0115,CUST_0312,PROD_0187,2022-09-19,2,4,False
FB_0116,CUST_0262,PROD_0112,2023-07-08,4,1,True
FB_0117,CUST_0115,PROD_0147,2024-12-16,4,5,True
FB_0118,CUST_0076,PROD_0183,2022-01-20,2,2,False
FB_0119,CUST_0381,PROD_0187,2024-10-03,1,6,True
FB_0120,CUST_0450,PROD_0054,2023-03-23,1,1,True
FB_0121,CUST_0281,PROD_0133,2024-02-11,2,7,False
FB_0122,CUST_0304,PROD_0029,2022-01-10,1,9,True
FB_0123,CUST_0130,PROD_0031,2024-04-11,1,1,False
FB_0124,CUST_0291,PROD_0193,2022-11-08,2,3,False
FB_0125,CUST_0479,PROD_0117,2024-12-25,5,8,False
FB_0126,CUST_0005,PROD_0139,2023-11-21,4,2,False
FB_0127,CUST_0133,PROD_0100,2023-05-17,1,1,False
FB_0128,CUST_0351,PROD_0057,2023-05-26,4,2,True
FB_0129,CUST_0488,PROD_0115,2022-06-18,1,9,False
FB_0130,CUST_0048,PROD_0170,2024-01-27,3,6,False
FB_0131,CUST_0077,PROD_0005,2023-01-23,3,1,False
FB_0132,CUST_0105,PROD_0083,2023-05-05,3,7,True
FB_0133,CUST_0229,PROD_0083,2024-02-08,5,10,True
FB_0134,CUST_0298,PROD_0181,2023-07-14,4,7,True
FB_0135,CUST_0367,PROD_0014,2022-07-15,1,9,False
FB_0136,CUST_0452,PROD_0165,2022-02-02,2,9,False
FB_0137,CUST_0472,PROD_0036,2023-04-01,5,8,True
FB_0138,CUST_0077,PROD_0101,2022-10-16,2,6,False
FB_0139,CUST_0135,PROD_0177,2023-10-28,2,8,False
FB_0140,CUST_0327,PROD_0050,2024-04-22,2,4,False
FB_0141,CUST_0009,PROD_0003,2023-08-27,1,3,False
FB_0142,CUST_0283,PROD_0180,2023-11-11,1,9,False
FB_0143,CUST_0481,PROD_0018,2022-12-28,3,10,False
FB_0144,CUST_0341,PROD_0102,2022-08-23,1,8,False
FB_0145,CUST_0029,PROD_0068,2024-05-23,4,1,True
FB_0146,CUST_0066,PROD_0144,2023-05-12,4,8,True
FB_0147,CUST_0046,PROD_0186,2022-12-26,2,3,True
FB_0148,CUST_0180,PROD_0023,2022-09-14,1,5,True
FB_0149,CUST_0255,PROD_0189,2024-05-29,4,4,True
FB_0150,CUST_0196,PROD_0186,2022-04-05,3,3,False
FB_0151,CUST_0215,PROD_0057,2023-09-07,4,1,True
FB_0152,CUST_0171,PROD_0061,2022-01-15,3,4,False
FB_0153,CUST_0433,PROD_0039,2023-06-16,2,6,True
FB_0154,CUST_0252,PROD_0105,2024-12-31,2,3,True
FB_0155,CUST_0384,PROD_0174,2022-09-16,5,3,False
FB_0156,CUST_0002,PROD_0131,2024-03-13,4,7,False
FB_0157,CUST_0488,PROD_0040,2022-09-24,3,2,False
FB_0158,CUST_0437,PROD_0140,2024-06-24,5,5,False
FB_0159,CUST_0240,PROD_0021,2022-11-23,4,4,True
FB_0160,CUST_0019,PROD_0106,2022-08-11,5,9,True
FB_0161,CUST_0499,PROD_0038,2022-09-15,2,5,False
FB_0162,CUST_0028,PROD_0079,2024-05-08,5,3,True
FB_0163,CUST_0045,PROD_0087,2024-06-05,3,10,False
FB_0164,CUST_0183,PROD_0066,2022-12-19,1,5,True
FB_0165,CUST_0393,PROD_0032,2022-07-27,5,8,True
FB_0166,CUST_0272,PROD_0038,2024-08-07,1,7,False
FB_0167,CUST_0116,PROD_0087,2023-08-12,5,9,True
FB_0168,CUST_0271,PROD_0133,2023-07-22,5,9,False
FB_0169,CUST_0208,PROD_0067,2022-02-07,3,2,True
FB_0170,CUST_0094,PROD_0024,2022-11-26,3,5,False
FB_0171,CUST_0043,PROD_0186,2023-01-17,2,1,False
FB_0172,CUST_0027,PROD_0080,2024-12-17,4,1,False
FB_0173,CUST_0073,PROD_0026,2024-10-31,4,1,True
FB_0174,CUST_0084,PROD_0016,2023-02-17,1,10,True
FB_0175,CUST_0042,PROD_0023,2023-07-20,1,1,False
FB_0176,CUST_0471,PROD_0122,2022-08-28,2,2,True
FB_0177,CUST_0302,PROD_0120,2024-04-29,1,2,False
FB_0178,CUST_0390,PROD_0091,2022-04-15,5,5,True
FB_0179,CUST_0433,PROD_0163,2024-08-13,5,6,True
FB_0180,CUST_0322,PROD_0031,2022-06-07,2,8,False
FB_0181,CUST_0173,PROD_0136,2022-12-06,1,1,False
FB_0182,CUST_0286,PROD_0136,2024-06-27,5,1,True
FB_0183,CUST_0400,PROD_0120,2022-04-26,2,8,False
FB_0184,CUST_0055,PROD_0110,2022-02-26,5,9,False
FB_0185,CUST_0500,PROD_0040,2022-09-23,2,10,False
FB_0186,CUST_0247,PROD_0126,2022-09-05,4,8,True
FB_0187,CUST_0021,PROD_0115,2024-05-08,5,2,True
FB_0188,CUST_0409,PROD_0074,2022-01-31,5,6,False
FB_0189,CUST_0444,PROD_0129,2022-03-06,1,5,False
FB_0190,CUST_0409,PROD_0197,2022-10-04,2,7,False
FB_0191,CUST_0497,PROD_0032,2024-03-11,5,1,False
FB_0192,CUST_0283,PROD_0091,2024-07-22,3,7,True
FB_0193,CUST_0200,PROD_0114,2024-01-01,1,10,False
FB_0194,CUST_0296,PROD_0094,2022-10-18,1,6,True
FB_0195,CUST_0430,PROD_0105,2023-09-03,2,7,True
FB_0196,CUST_0246,PROD_0003,2023-03-22,2,6,False
FB_0197,CUST_0458,PROD_0041,2023-08-01,2,2,False
FB_0198,CUST_0148,PROD_0139,2023-08-23,4,4,True
FB_0199,CUST_0155,PROD_0028,2024-05-20,5,2,True
FB_0200,CUST_0440,PROD_0059,2022-04-06,2,2,True
FB_0201,CUST_0194,PROD_0122,2024-01-17,5,7,False
FB_0202,CUST_0366,PROD_0063,2023-04-19,5,4,True
FB_0203,CUST_0048,PROD_0001,2023-10-30,1,5,False
FB_0204,CUST_0133,PROD_0197,2022-11-15,4,9,True
FB_0205,CUST_0164,PROD_0121,2023-05-21,5,6,True
FB_0206,CUST_0071,PROD_0140,2022-06-06,4,8,True
FB_0207,CUST_0069,PROD_0060,2024-02-02,5,8,True
FB_0208,CUST_0186,PROD_0067,2022-11-13,4,1,True
FB_0209,CUST_0117,PROD_0188,2024-02-25,1,5,False
FB_0210,CUST_0389,PROD_0189,2024-01-28,3,8,False
FB_0211,CUST_0019,PROD_0092,2022-05-13,4,2,False
FB_0212,CUST_0105,PROD_0016,2024-10-21,4,2,False
FB_0213,CUST_0413,PROD_0068,2024-09-11,5,4,True
FB_0214,CUST_0111,PROD_0026,2024-09-23,3,5,True
FB_0215,CUST_0398,PROD_0048,2024-06-24,3,2,False
FB_0216,CUST_0362,PROD_0118,2023-01-06,3,3,False
FB_0217,CUST_0133,PROD_0198,2024-03-18,5,3,True
FB_0218,CUST_0285,PROD_0133,2023-09-07,1,7,False
FB_0219,CUST_0070,PROD_0003,2024-07-01,4,4,False
FB_0220,CUST_0485,PROD_0018,2023-02-27,2,9,False
FB_0221,CUST_0214,PROD_0178,2022-10-11,3,10,False
FB_0222,CUST_0458,PROD_0136,2024-06-02,5,8,False
FB_0223,CUST_0459,PROD_0172,2022-03-03,4,9,True
FB_0224,CUST_0091,PROD_0015,2023-11-17,2,5,False
FB_0225,CUST_0404,PROD_0007,2024-12-10,5,3,True
FB_0226,CUST_0296,PROD_0108,2022-06-21,4,8,True
FB_0227,CUST_0398,PROD_0003,2023-10-06,2,6,False
FB_0228,CUST_0030,PROD_0189,2024-08-28,5,8,True
FB_0229,CUST_0177,PROD_0066,2022-11-22,3,10,False
FB_0230,CUST_0426,PROD_0135,2023-06-16,2,3,False
FB_0231,CUST_0441,PROD_0104,2022-09-24,5,4,True
FB_0232,CUST_0362,PROD_0046,2022-12-26,2,8,True
FB_0233,CUST_0390,PROD_0020,2024-08-09,3,8,True
FB_0234,CUST_0496,PROD_0126,2022-08-07,3,1,False
FB_0235,CUST_0316,PROD_0140,2024-02-01,1,5,False
FB_0236,CUST_0296,PROD_0142,2023-04-22,1,6,True
FB_0237,CUST_0428,PROD_0109,2022-01-17,3,3,True
FB_0238,CUST_0461,PROD_0047,2024-04-26,5,9,True
FB_0239,CUST_0456,PROD_0069,2023-01-13,4,8,True
FB_0240,CUST_0217,PROD_0140,2022-02-21,1,8,True
FB_0241,CUST_0472,PROD_0056,2022-06-14,3,8,False
FB_0242,CUST_0351,PROD_0003,2022-03-09,3,10,False
FB_0243,CUST_0095,PROD_0106,2024-07-28,2,5,False
FB_0244,CUST_0437,PROD_0029,2024-06-21,2,10,False
FB_0245,CUST_0222,PROD_0062,2022-01-11,5,4,False
FB_0246,CUST_0388,PROD_0084,2023-06-17,1,3,False
FB_0247,CUST_0056,PROD_0179,2023-03-25,4,3,True
FB_0248,CUST_0389,PROD_0127,2023-01-05,5,2,True
FB_0249,CUST_0421,PROD_0100,2023-04-01,3,1,False
FB_0250,CUST_0031,PROD_0033,2024-05-31,4,7,True
FB_0251,CUST_0233,PROD_0043,2023-09-15,3,4,False
FB_0252,CUST_0320,PROD_0192,2024-02-05,1,8,False
FB_0253,CUST_0155,PROD_0001,2024-05-07,4,7,True
FB_0254,CUST_0023,PROD_0140,2022-01-21,1,10,True
FB_0255,CUST_0085,PROD_0048,2022-06-09,3,5,True
FB_0256,CUST_0144,PROD_0067,2022-03-12,5,4,True
FB_0257,CUST_0179,PROD_0050,2023-05-22,1,1,False
FB_0258,CUST_0184,PROD_0018,2022-03-25,2,6,True
FB_0259,CUST_0059,PROD_0159,2023-04-09,3,6,False
FB_0260,CUST_0438,PROD_0104,2024-10-29,5,5,True
FB_0261,CUST_0387,PROD_0199,2023-05-18,1,5,False
FB_0262,CUST_0471,PROD_0042,2024-05-23,2,1,False
FB_0263,CUST_0289,PROD_0192,2023-04-18,1,3,False
FB_0264,CUST_0047,PROD_0042,2022-04-28,4,6,True
FB_0265,CUST_0465,PROD_0157,2022-10-02,1,2,False
FB_0266,CUST_0496,PROD_0128,2024-04-02,1,8,False
FB_0267,CUST_0302,PROD_0096,2023-07-24,1,1,False
FB_0268,CUST_0305,PROD_0199,2023-07-04,2,4,False
FB_0269,CUST_0319,PROD_0026,2022-09-29,2,7,True
FB_0270,CUST_0360,PROD_0059,2022-07-24,4,6,False
FB_0271,CUST_0066,PROD_0109,2023-07-16,4,3,True
FB_0272,CUST_0197,PROD_0027,2022-10-18,1,10,True
FB_0273,CUST_0230,PROD_0197,2023-04-14,1,1,False
FB_0274,CUST_0162,PROD_0036,2023-07-08,1,4,True
FB_0275,CUST_0033,PROD_0091,2023-04-17,3,6,False
FB_0276,CUST_0049,PROD_0070,2023-03-06,2,2,False
FB_0277,CUST_0122,PROD_0171,2022-04-12,5,8,True
FB_0278,CUST_0134,PROD_0120,2022-09-17,3,5,False
FB_0279,CUST_0498,PROD_0024,2024-10-24,5,4,True
FB_0280,CUST_0359,PROD_0139,2022-08-13,4,1,False
FB_0281,CUST_0253,PROD_0011,2024-06-02,5,7,True
FB_0282,CUST_0451,PROD_0061,2022-12-15,5,9,True
FB_0283,CUST_0049,PROD_0092,2022-04-28,2,6,False
FB_0284,CUST_0492,PROD_0111,2023-07-18,1,9,False
FB_0285,CUST_0377,PROD_0135,2024-12-22,2,9,False
FB_0286,CUST_0359,PROD_0112,2024-09-05,2,7,True
FB_0287,CUST_0379,PROD_0131,2023-06-30,4,8,True
FB_0288,CUST_0186,PROD_0079,2023-03-20,4,6,False
FB_0289,CUST_0087,PROD_0143,2022-11-22,2,3,True
FB_0290,CUST_0387,PROD_0028,2024-12-28,2,6,False
FB_0291,CUST_0388,PROD_0077,2024-07-04,2,9,False
FB_0292,CUST_0302,PROD_0195,2023-05-31,2,1,False
FB_0293,CUST_0406,PROD_0042,2023-05-19,3,2,False
FB_0294,CUST_0305,PROD_0003,2022-01-28,5,7,True
FB_0295,CUST_0426,PROD_0178,2024-06-27,1,3,False
FB_0296,CUST_0001,PROD_0068,2023-12-03,1,10,False
FB_0297,CUST_0100,PROD_0048,2022-05-17,4,5,True
FB_0298,CUST_0368,PROD_0060,2022-06-03,1,2,False
FB_0299,CUST_0190,PROD_0196,2023-02-16,5,10,True
FB_0300,CUST_0083,PROD_0077,2024-08-07,1,2,False
FB_0301,CUST_0437,PROD_0002,2022-04-06,3,9,False
FB_0302,CUST_0249,PROD_0169,2022-03-18,3,7,False
FB_0303,CUST_0057,PROD_0176,2024-05-06,1,8,False
FB_0304,CUST_0201,PROD_0073,2023-03-24,5,6,True
FB_0305,CUST_0294,PROD_0084,2023-04-13,4,3,True
FB_0306,CUST_0217,PROD_0024,2024-06-29,4,3,True
FB_0307,CUST_0106,PROD_0051,2024-04-20,1,1,False
FB_0308,CUST_0365,PROD_0024,2024-06-10,3,3,True
FB_0309,CUST_0200,PROD_0090,2023-07-20,3,2,False
FB_0310,CUST_0092,PROD_0119,2024-08-20,4,9,False
FB_0311,CUST_0487,PROD_0108,2022-03-06,5,4,True
FB_0312,CUST_0093,PROD_0160,2022-04-03,3,7,False
FB_0313,CUST_0168,PROD_0088,2022-07-24,5,9,True
FB_0314,CUST_0045,PROD_0127,2023-01-22,2,5,True
FB_0315,CUST_0452,PROD_0044,2023-08-11,5,4,True
FB_0316,CUST_0137,PROD_0198,2023-07-02,1,3,False
FB_0317,CUST_0177,PROD_0110,2023-11-18,2,9,False
FB_0318,CUST_0230,PROD_0146,2022-01-23,2,5,False
FB_0319,CUST_0194,PROD_0195,2022-10-08,4,9,True
FB_0320,CUST_0353,PROD_0120,2022-12-21,2,9,False
FB_0321,CUST_0033,PROD_0168,2022-01-25,2,6,False
FB_0322,CUST_0321,PROD_0081,2024-09-13,2,2,False
FB_0323,CUST_0121,PROD_0083,2022-02-02,1,10,False
FB_0324,CUST_0274,PROD_0020,2023-06-21,4,1,False
FB_0325,CUST_0434,PROD_0166,2024-04-20,1,5,False
FB_0326,CUST_0259,PROD_0134,2023-06-21,3,4,True
FB_0327,CUST_0203,PROD_0187,2024-02-08,2,8,False
FB_0328,CUST_0132,PROD_0107,2024-08-15,3,7,False
FB_0329,CUST_0284,PROD_0018,2024-01-24,4,2,True
FB_0330,CUST_0481,PROD_0016,2022-11-02,4,8,True
FB_0331,CUST_0006,PROD_0199,2024-11-24,3,1,False
FB_0332,CUST_0011,PROD_0075,2023-04-29,3,7,False
FB_0333,CUST_0461,PROD_0010,2023-04-12,2,8,False
FB_0334,CUST_0304,PROD_0131,2023-05-19,2,1,False
FB_0335,CUST_0331,PROD_0113,2023-03-09,1,8,False
FB_0336,CUST_0094,PROD_0189,2023-01-11,4,8,True
FB_0337,CUST_0315,PROD_0005,2024-11-14,4,9,True
FB_0338,CUST_0112,PROD_0129,2023-11-06,4,7,True
FB_0339,CUST_0294,PROD_0107,2023-02-23,4,3,False
FB_0340,CUST_0013,PROD_0190,2023-10-07,3,1,False
FB_0341,CUST_0072,PROD_0031,2024-07-21,1,5,True
FB_0342,CUST_0280,PROD_0103,2024-06-25,1,7,False
FB_0343,CUST_0096,PROD_0016,2022-05-23,4,3,False
FB_0344,CUST_0099,PROD_0149,2022-12-30,5,10,True
FB_0345,CUST_0252,PROD_0031,2022-11-12,4,6,True
FB_0346,CUST_0238,PROD_0024,2024-07-26,1,9,False
FB_0347,CUST_0313,PROD_0068,2022-12-18,4,10,True
FB_0348,CUST_0016,PROD_0053,2023-04-26,1,4,False
FB_0349,CUST_0352,PROD_0164,2022-02-09,1,6,False
FB_0350,CUST_0014,PROD_0098,2023-01-03,1,10,False
FB_0351,CUST_0098,PROD_0001,2024-01-24,4,9,True
FB_0352,CUST_0119,PROD_0144,2024-11-15,4,4,True
FB_0353,CUST_0401,PROD_0178,2022-06-04,4,9,False
FB_0354,CUST_0242,PROD_0129,2022-01-12,5,7,True
FB_0355,CUST_0348,PROD_0030,2023-12-05,5,10,True
FB_0356,CUST_0195,PROD_0167,2023-06-02,5,3,True
FB_0357,CUST_0001,PROD_0052,2024-07-08,1,2,True
FB_0358,CUST_0480,PROD_0154,2022-11-16,4,5,False
FB_0359,CUST_0451,PROD_0013,2023-02-21,1,9,True
FB_0360,CUST_0233,PROD_0041,2024-04-03,2,9,False
FB_0361,CUST_0282,PROD_0045,2023-08-30,3,9,True
FB_0362,CUST_0339,PROD_0005,2024-07-26,2,9,False
FB_0363,CUST_0329,PROD_0166,2024-08-14,3,2,False
FB_0364,CUST_0277,PROD_0001,2024-05-16,5,2,True
FB_0365,CUST_0088,PROD_0121,2024-04-11,4,3,True
FB_0366,CUST_0272,PROD_0035,2022-02-04,2,10,False
FB_0367,CUST_0030,PROD_0163,2022-12-25,4,4,True
FB_0368,CUST_0138,PROD_0056,2023-10-30,5,3,True
FB_0369,CUST_0268,PROD_0175,2024-09-19,1,3,False
FB_0370,CUST_0415,PROD_0170,2022-10-20,3,3,False
FB_0371,CUST_0209,PROD_0153,2022-02-08,4,3,False
FB_0372,CUST_0187,PROD_0064,2022-01-19,2,9,False
FB_0373,CUST_0208,PROD_0181,2022-05-01,2,10,False
FB_0374,CUST_0001,PROD_0034,2023-08-25,2,6,False
FB_0375,CUST_0022,PROD_0091,2023-12-28,2,7,True
FB_0376,CUST_0359,PROD_0137,2024-06-19,3,5,False
FB_0377,CUST_0448,PROD_0103,2023-07-12,5,9,True
FB_0378,CUST_0181,PROD_0184,2024-07-14,4,4,True
FB_0379,CUST_0481,PROD_0183,2024-03-30,4,3,True
FB_0380,CUST_0119,PROD_0110,2022-03-20,4,7,False
FB_0381,CUST_0146,PROD_0150,2022-05-31,2,10,False
FB_0382,CUST_0496,PROD_0171,2022-12-23,3,1,False
FB_0383,CUST_0310,PROD_0135,2024-03-03,2,3,False
FB_0384,CUST_0006,PROD_0099,2024-05-03,4,2,False
FB_0385,CUST_0091,PROD_0049,2023-12-08,5,10,True
FB_0386,CUST_0111,PROD_0083,2024-09-04,4,9,False
FB_0387,CUST_0231,PROD_0157,2023-01-19,3,7,False
FB_0388,CUST_0063,PROD_0064,2023-06-06,5,3,True
FB_0389,CUST_0459,PROD_0156,2023-05-21,1,4,True
FB_0390,CUST_0080,PROD_0033,2024-04-04,1,1,False
FB_0391,CUST_0153,PROD_0013,2024-08-13,4,3,True
FB_0392,CUST_0380,PROD_0167,2023-04-10,1,10,False
FB_0393,CUST_0154,PROD_0031,2022-02-04,2,9,False
FB_0394,CUST_0078,PROD_0163,2024-08-20,2,1,False
FB_0395,CUST_0427,PROD_0172,2024-02-25,2,3,True
FB_0396,CUST_0169,PROD_0159,2022-11-06,2,3,False
FB_0397,CUST_0426,PROD_0060,2022-03-05,5,8,False
FB_0398,CUST_0312,PROD_0027,2023-06-19,5,10,True
FB_0399,CUST_0469,PROD_0146,2022-03-11,3,9,True
FB_0400,CUST_0044,PROD_0122,2024-01-17,2,1,False
FB_0401,CUST_0210,PROD_0026,2024-12-13,4,10,False
FB_0402,CUST_0079,PROD_0194,2023-08-18,1,4,False
FB_0403,CUST_0132,PROD_0031,2022-12-01,3,4,False
FB_0404,CUST_0247,PROD_0170,2023-10-09,4,2,True
FB_0405,CUST_0255,PROD_0126,2024-10-12,3,3,False
FB_0406,CUST_0497,PROD_0090,2022-05-08,2,7,False
FB_0407,CUST_0495,PROD_0012,2022-10-28,3,10,False
FB_0408,CUST_0265,PROD_0124,2023-02-01,2,1,False
FB_0409,CUST_0375,PROD_0048,2023-08-25,3,5,False
FB_0410,CUST_0282,PROD_0156,2022-01-01,3,7,False
FB_0411,CUST_0384,PROD_0137,2024-05-01,2,4,True
FB_0412,CUST_0473,PROD_0002,2024-08-21,4,2,False
FB_0413,CUST_0323,PROD_0009,2024-01-02,1,4,False
FB_0414,CUST_0041,PROD_0069,2023-12-22,3,5,True
FB_0415,CUST_0286,PROD_0091,2024-11-08,1,6,True
FB_0416,CUST_0374,PROD_0189,2022-07-15,3,5,False
FB_0417,CUST_0343,PROD_0094,2023-05-25,5,2,True
FB_0418,CUST_0332,PROD_0126,2024-08-26,1,5,False
FB_0419,CUST_0457,PROD_0004,2023-09-30,3,5,False
FB_0420,CUST_0010,PROD_0195,2023-05-25,5,9,True
FB_0421,CUST_0042,PROD_0139,2022-02-19,3,7,False
FB_0422,CUST_0393,PROD_0190,2022-03-23,2,9,False
FB_0423,CUST_0351,PROD_0072,2022-02-13,5,9,True
FB_0424,CUST_0201,PROD_0083,2022-11-19,5,6,False
FB_0425,CUST_0145,PROD_0178,2024-06-14,5,4,True
FB_0426,CUST_0176,PROD_0185,2024-05-05,1,1,False
FB_0427,CUST_0154,PROD_0068,2022-02-12,5,9,False
FB_0428,CUST_0250,PROD_0011,2024-11-01,5,8,True
FB_0429,CUST_0022,PROD_0174,2022-08-29,5,10,True
FB_0430,CUST_0444,PROD_0057,2022-06-11,1,4,False
FB_0431,CUST_0194,PROD_0026,2022-07-17,3,9,False
FB_0432,CUST_0288,PROD_0013,2023-12-04,2,7,False
FB_0433,CUST_0337,PROD_0031,2022-08-17,5,7,True
FB_0434,CUST_0233,PROD_0176,2022-11-22,2,1,False
FB_0435,CUST_0308,PROD_0121,2022-01-15,4,8,True
FB_0436,CUST_0365,PROD_0072,2023-08-30,5,1,True
FB_0437,CUST_0041,PROD_0114,2022-05-11,3,2,False
FB_0438,CUST_0296,PROD_0070,2024-05-12,4,7,True
FB_0439,CUST_0447,PROD_0105,2023-01-04,2,6,True
FB_0440,CUST_0187,PROD_0060,2022-01-28,2,7,False
FB_0441,CUST_0009,PROD_0034,2024-02-05,5,8,True
FB_0442,CUST_0465,PROD_0100,2024-11-24,4,1,True
FB_0443,CUST_0202,PROD_0061,2022-03-27,4,4,True
FB_0444,CUST_0190,PROD_0012,2022-09-22,5,2,True
FB_0445,CUST_0429,PROD_0003,2022-09-05,1,4,True
FB_0446,CUST_0085,PROD_0016,2023-05-01,1,3,False
FB_0447,CUST_0012,PROD_0156,2023-06-22,2,4,False
FB_0448,CUST_0292,PROD_0120,2024-01-21,2,2,False
FB_0449,CUST_0022,PROD_0013,2024-12-28,4,1,False
FB_0450,CUST_0179,PROD_0127,2023-08-28,3,5,False
FB_0451,CUST_0023,PROD_0082,2023-08-09,5,10,True
FB_0452,CUST_0474,PROD_0085,2023-04-07,5,2,True
FB_0453,CUST_0323,PROD_0144,2022-09-05,5,7,True
FB_0454,CUST_0272,PROD_0055,2023-08-04,3,7,False
FB_0455,CUST_0444,PROD_0043,2024-01-30,2,2,False
FB_0456,CUST_0027,PROD_0081,2024-04-14,3,4,True
FB_0457,CUST_0416,PROD_0108,2022-10-13,4,7,False
FB_0458,CUST_0006,PROD_0076,2024-07-08,2,7,True
FB_0459,CUST_0068,PROD_0051,2023-12-25,1,6,True
FB_0460,CUST_0037,PROD_0096,2023-02-12,1,8,True
FB_0461,CUST_0217,PROD_0128,2022-07-12,3,1,False
FB_0462,CUST_0293,PROD_0016,2024-02-04,2,3,False
FB_0463,CUST_0039,PROD_0054,2023-05-18,5,6,False
FB_0464,CUST_0291,PROD_0068,2022-04-26,4,5,True
FB_0465,CUST_0050,PROD_0175,2023-10-18,5,1,False
FB_0466,CUST_0064,PROD_0147,2022-06-13,5,10,False
FB_0467,CUST_0494,PROD_0191,2023-09-08,4,10,False
FB_0468,CUST_0170,PROD_0100,2022-09-10,5,4,True
FB_0469,CUST_0366,PROD_0156,2024-10-10,4,9,False
FB_0470,CUST_0281,PROD_0002,2024-02-06,3,3,False
FB_0471,CUST_0434,PROD_0122,2022-07-01,5,5,True
FB_0472,CUST_0413,PROD_0165,2022-07-25,5,3,True
FB_0473,CUST_0309,PROD_0093,2024-06-04,3,4,False
FB_0474,CUST_0354,PROD_0181,2024-09-08,2,3,False
FB_0475,CUST_0149,PROD_0067,2022-03-23,2,9,False
FB_0476,CUST_0123,PROD_0196,2022-12-02,4,8,True
FB_0477,CUST_0133,PROD_0043,2024-06-18,4,4,True
FB_0478,CUST_0370,PROD_0137,2023-11-24,2,1,False
FB_0479,CUST_0352,PROD_0047,2022-02-14,5,2,True
FB_0480,CUST_0034,PROD_0109,2023-01-22,1,9,False
FB_0481,CUST_0071,PROD_0055,2023-09-01,5,2,True
FB_0482,CUST_0410,PROD_0173,2024-09-16,3,6,False
FB_0483,CUST_0432,PROD_0069,2023-12-02,2,1,False
FB_0484,CUST_0224,PROD_0146,2022-05-23,3,4,True
FB_0485,CUST_0002,PROD_0184,2024-03-16,3,4,False
FB_0486,CUST_0095,PROD_0199,2024-06-04,1,8,False
FB_0487,CUST_0240,PROD_0056,2023-02-22,1,9,False
FB_0488,CUST_0206,PROD_0077,2024-09-06,1,8,False
FB_0489,CUST_0286,PROD_0093,2022-04-18,2,1,False
FB_0490,CUST_0087,PROD_0160,2024-10-28,3,3,True
FB_0491,CUST_0373,PROD_0010,2024-08-26,3,1,False
FB_0492,CUST_0139,PROD_0005,2024-06-08,4,6,False
FB_0493,CUST_0233,PROD_0108,2022-10-10,4,1,True
FB_0494,CUST_0008,PROD_0011,2023-05-17,3,9,False
FB_0495,CUST_0453,PROD_0068,2024-04-23,1,5,False
FB_0496,CUST_0162,PROD_0153,2024-09-21,4,2,False
FB_0497,CUST_0384,PROD_0148,2023-07-23,5,2,False
FB_0498,CUST_0018,PROD_0151,2023-10-08,2,5,False
FB_0499,CUST_0422,PROD_0107,2024-06-12,2,3,False
FB_0500,CUST_0500,PROD_0152,2023-06-11,4,2,True
FB_0501,CUST_0081,PROD_0184,2024-12-28,1,2,False
FB_0502,CUST_0288,PROD_0087,2023-04-12,3,1,True
FB_0503,CUST_0094,PROD_0176,2024-07-11,4,3,True
FB_0504,CUST_0419,PROD_0152,2024-12-23,3,8,False
FB_0505,CUST_0424,PROD_0164,2022-11-27,3,8,True
FB_0506,CUST_0434,PROD_0132,2024-10-23,5,3,True
FB_0507,CUST_0231,PROD_0135,2024-09-16,1,6,True
FB_0508,CUST_0199,PROD_0134,2022-04-12,4,2,True
FB_0509,CUST_0295,PROD_0165,2024-01-28,4,5,True
FB_0510,CUST_0201,PROD_0007,2023-10-27,5,7,True
FB_0511,CUST_0291,PROD_0199,2024-03-03,3,9,True
FB_0512,CUST_0439,PROD_0159,2024-06-29,1,7,True
FB_0513,CUST_0430,PROD_0140,2022-05-02,5,3,True
FB_0514,CUST_0197,PROD_0103,2022-09-29,1,2,False
FB_0515,CUST_0183,PROD_0082,2024-07-09,5,7,True
FB_0516,CUST_0256,PROD_0171,2024-12-06,4,6,False
FB_0517,CUST_0181,PROD_0026,2022-12-19,3,8,False
FB_0518,CUST_0003,PROD_0002,2022-04-18,5,8,False
FB_0519,CUST_0414,PROD_0136,2022-09-29,3,1,True
FB_0520,CUST_0213,PROD_0098,2023-12-24,3,6,False
FB_0521,CUST_0090,PROD_0066,2023-09-12,2,9,False
FB_0522,CUST_0003,PROD_0037,2023-02-18,2,9,False
FB_0523,CUST_0009,PROD_0132,2023-04-23,3,8,True
FB_0524,CUST_0232,PROD_0006,2023-05-18,4,4,True
FB_0525,CUST_0415,PROD_0069,2022-11-12,3,7,False
FB_0526,CUST_0024,PROD_0178,2023-11-13,1,9,True
FB_0527,CUST_0312,PROD_0199,2023-07-24,1,5,False
FB_0528,CUST_0327,PROD_0017,2024-09-01,5,8,True
FB_0529,CUST_0431,PROD_0070,2023-11-21,2,9,True
FB_0530,CUST_0108,PROD_0093,2024-03-08,5,9,True
FB_0531,CUST_0163,PROD_0011,2024-08-08,2,7,False
FB_0532,CUST_0261,PROD_0004,2023-10-22,4,4,True
FB_0533,CUST_0455,PROD_0087,2022-04-03,2,7,False
FB_0534,CUST_0368,PROD_0158,2023-05-29,3,3,False
FB_0535,CUST_0497,PROD_0024,2023-12-26,5,10,True
FB_0536,CUST_0267,PROD_0072,2022-02-05,3,5,True
FB_0537,CUST_0117,PROD_0025,2024-06-20,4,8,False
FB_0538,CUST_0236,PROD_0093,2024-01-19,2,5,False
FB_0539,CUST_0378,PROD_0069,2024-12-06,1,1,False
FB_0540,CUST_0403,PROD_0165,2024-11-30,4,9,True
FB_0541,CUST_0293,PROD_0108,2022-11-22,3,4,False
FB_0542,CUST_0016,PROD_0189,2024-01-09,5,10,True
FB_0543,CUST_0236,PROD_0108,2024-09-11,4,4,False
FB_0544,CUST_0099,PROD_0180,2022-01-06,4,7,True
FB_0545,CUST_0337,PROD_0165,2022-06-27,3,2,False
FB_0546,CUST_0277,PROD_0129,2022-11-03,2,7,False
FB_0547,CUST_0289,PROD_0080,2024-04-28,5,9,False
FB_0548,CUST_0476,PROD_0040,2023-04-28,2,8,False
FB_0549,CUST_0335,PROD_0122,2022-09-01,4,10,True
FB_0550,CUST_0453,PROD_0044,2023-04-12,4,10,True
FB_0551,CUST_0363,PROD_0196,2024-05-27,3,5,True
FB_0552,CUST_0344,PROD_0142,2023-07-29,4,8,True
FB_0553,CUST_0037,PROD_0161,2024-06-30,4,8,True
FB_0554,CUST_0104,PROD_0152,2024-12-10,1,9,False
FB_0555,CUST_0384,PROD_0054,2024-08-05,5,2,True
FB_0556,CUST_0165,PROD_0127,2022-04-29,5,10,True
FB_0557,CUST_0262,PROD_0156,2024-03-10,2,9,False
FB_0558,CUST_0282,PROD_0132,2024-06-26,4,4,True
FB_0559,CUST_0492,PROD_0005,2024-09-07,4,2,True
FB_0560,CUST_0304,PROD_0103,2022-08-11,2,2,False
FB_0561,CUST_0378,PROD_0023,2022-07-24,2,10,True
FB_0562,CUST_0262,PROD_0197,2022-10-02,1,8,False
FB_0563,CUST_0199,PROD_0184,2022-03-17,1,1,False
FB_0564,CUST_0113,PROD_0124,2022-10-28,5,3,True
FB_0565,CUST_0115,PROD_0071,2024-11-13,4,5,True
FB_0566,CUST_0125,PROD_0183,2023-10-10,1,7,False
FB_0567,CUST_0236,PROD_0131,2024-04-27,5,4,True
FB_0568,CUST_0182,PROD_0177,2024-07-02,1,8,False
FB_0569,CUST_0379,PROD_0026,2022-12-16,2,2,False
FB_0570,CUST_0175,PROD_0162,2022-03-29,3,8,False
FB_0571,CUST_0066,PROD_0165,2022-07-11,5,8,True
FB_0572,CUST_0364,PROD_0072,2023-06-24,1,6,True
FB_0573,CUST_0498,PROD_0020,2023-09-30,1,5,True
FB_0574,CUST_0334,PROD_0180,2022-07-29,2,4,True
FB_0575,CUST_0102,PROD_0103,2024-06-28,1,6,True
FB_0576,CUST_0381,PROD_0010,2024-06-15,4,10,True
FB_0577,CUST_0448,PROD_0037,2023-04-21,3,5,False
FB_0578,CUST_0263,PROD_0075,2023-06-24,4,10,True
FB_0579,CUST_0469,PROD_0195,2023-04-20,4,7,True
FB_0580,CUST_0034,PROD_0111,2023-03-23,2,10,False
FB_0581,CUST_0112,PROD_0195,2024-10-18,5,4,True
FB_0582,CUST_0299,PROD_0128,2024-01-20,5,3,False
FB_0583,CUST_0120,PROD_0027,2024-11-08,4,9,True
FB_0584,CUST_0070,PROD_0145,2022-07-01,4,6,True
FB_0585,CUST_0421,PROD_0059,2023-04-10,2,5,False
FB_0586,CUST_0438,PROD_0189,2024-02-03,2,6,False
FB_0587,CUST_0299,PROD_0111,2024-03-07,1,8,False
FB_0588,CUST_0150,PROD_0099,2024-08-22,3,7,True
FB_0589,CUST_0177,PROD_0191,2024-01-01,5,5,False
FB_0590,CUST_0138,PROD_0190,2022-08-24,4,2,True
FB_0591,CUST_0173,PROD_0004,2022-11-27,2,2,False
FB_0592,CUST_0290,PROD_0142,2022-05-28,3,2,False
FB_0593,CUST_0429,PROD_0071,2024-09-09,4,1,True
FB_0594,CUST_0356,PROD_0125,2024-07-10,3,1,False
FB_0595,CUST_0275,PROD_0104,2023-08-15,1,1,False
FB_0596,CUST_0493,PROD_0163,2023-12-14,1,10,False
FB_0597,CUST_0060,PROD_0143,2023-01-22,4,7,False
FB_0598,CUST_0064,PROD_0154,2024-02-13,4,7,True
FB_0599,CUST_0001,PROD_0036,2023-10-04,4,4,True
FB_0600,CUST_0416,PROD_0009,2022-10-03,1,4,True
FB_0601,CUST_0038,PROD_0054,2024-06-15,4,9,False
FB_0602,CUST_0250,PROD_0092,2022-02-03,1,8,True
FB_0603,CUST_0168,PROD_0039,2023-09-16,3,7,False
FB_0604,CUST_0151,PROD_0007,2022-12-03,2,4,True
FB_0605,CUST_0235,PROD_0078,2024-03-20,3,7,False
FB_0606,CUST_0445,PROD_0097,2022-04-18,2,7,False
FB_0607,CUST_0385,PROD_0033,2024-02-17,1,10,False
FB_0608,CUST_0458,PROD_0157,2023-11-17,3,10,False
FB_0609,CUST_0249,PROD_0176,2024-06-17,4,5,True
FB_0610,CUST_0312,PROD_0012,2022-02-23,2,9,True
FB_0611,CUST_0499,PROD_0046,2023-11-17,3,2,False
FB_0612,CUST_0400,PROD_0074,2023-06-08,5,7,True
FB_0613,CUST_0093,PROD_0137,2023-04-14,5,1,False
FB_0614,CUST_0387,PROD_0062,2023-04-24,1,5,False
FB_0615,CUST_0194,PROD_0188,2022-06-21,4,8,True
FB_0616,CUST_0077,PROD_0092,2022-07-10,1,5,False
FB_0617,CUST_0302,PROD_0082,2023-03-14,1,3,False
FB_0618,CUST_0008,PROD_0150,2023-10-22,2,8,False
FB_0619,CUST_0218,PROD_0025,2024-11-18,2,1,True
FB_0620,CUST_0031,PROD_0026,2024-09-10,2,2,False
FB_0621,CUST_0299,PROD_0022,2023-10-27,1,2,False
FB_0622,CUST_0222,PROD_0124,2024-12-31,3,2,False
FB_0623,CUST_0409,PROD_0141,2022-06-08,5,8,True
FB_0624,CUST_0315,PROD_0172,2024-04-10,5,7,True
FB_0625,CUST_0170,PROD_0195,2024-07-19,1,7,False
FB_0626,CUST_0443,PROD_0110,2023-02-10,2,2,False
FB_0627,CUST_0092,PROD_0181,2023-02-06,1,7,True
FB_0628,CUST_0095,PROD_0050,2022-04-22,3,7,False
FB_0629,CUST_0466,PROD_0179,2022-02-08,2,3,True
FB_0630,CUST_0050,PROD_0075,2022-11-11,1,7,True
FB_0631,CUST_0053,PROD_0081,2022-06-04,3,10,True
FB_0632,CUST_0049,PROD_0103,2024-05-19,2,4,False
FB_0633,CUST_0070,PROD_0035,2023-07-24,1,1,False
FB_0634,CUST_0445,PROD_0151,2022-09-25,3,3,False
FB_0635,CUST_0194,PROD_0036,2022-02-26,1,10,True
FB_0636,CUST_0059,PROD_0195,2023-03-02,3,9,False
FB_0637,CUST_0115,PROD_0148,2022-07-26,2,4,False
FB_0638,CUST_0093,PROD_0133,2024-02-15,1,3,False
FB_0639,CUST_0172,PROD_0106,2023-08-04,2,4,False
FB_0640,CUST_0257,PROD_0103,2023-09-04,3,10,False
FB_0641,CUST_0407,PROD_0002,2022-12-21,4,9,False
FB_0642,CUST_0099,PROD_0069,2022-12-23,2,10,False
FB_0643,CUST_0224,PROD_0193,2024-07-18,4,4,True
FB_0644,CUST_0091,PROD_0160,2024-08-24,2,6,True
FB_0645,CUST_0172,PROD_0177,2022-12-30,4,7,True
FB_0646,CUST_0289,PROD_0017,2023-07-02,4,7,True
FB_0647,CUST_0404,PROD_0064,2024-11-12,1,10,False
FB_0648,CUST_0154,PROD_0027,2023-06-30,4,6,True
FB_0649,CUST_0208,PROD_0149,2024-01-30,2,5,False
FB_0650,CUST_0473,PROD_0196,2024-03-17,4,6,True
FB_0651,CUST_0107,PROD_0144,2024-04-15,3,10,False
FB_0652,CUST_0079,PROD_0075,2023-02-19,4,10,True
FB_0653,CUST_0053,PROD_0087,2024-08-30,1,3,False
FB_0654,CUST_0487,PROD_0051,2023-04-05,3,5,False
FB_0655,CUST_0211,PROD_0141,2023-11-04,5,7,True
FB_0656,CUST_0212,PROD_0026,2024-03-16,5,3,False
FB_0657,CUST_0303,PROD_0164,2023-04-30,5,9,False
FB_0658,CUST_0050,PROD_0091,2023-04-05,5,2,False
FB_0659,CUST_0460,PROD_0132,2023-02-07,4,2,True
FB_0660,CUST_0012,PROD_0128,2023-03-03,3,7,False
FB_0661,CUST_0354,PROD_0043,2022-01-09,1,5,False
FB_0662,CUST_0491,PROD_0142,2022-02-09,5,3,True
FB_0663,CUST_0294,PROD_0054,2022-08-30,2,2,False
FB_0664,CUST_0402,PROD_0051,2023-09-02,4,7,True
FB_0665,CUST_0329,PROD_0072,2022-10-23,5,3,True
FB_0666,CUST_0177,PROD_0193,2024-04-10,2,4,False
FB_0667,CUST_0072,PROD_0192,2023-09-08,1,4,False
FB_0668,CUST_0259,PROD_0171,2022-06-13,1,7,False
FB_0669,CUST_0291,PROD_0118,2022-07-01,5,8,False
FB_0670,CUST_0350,PROD_0141,2023-04-05,2,6,True
FB_0671,CUST_0017,PROD_0027,2024-03-08,1,3,True
FB_0672,CUST_0059,PROD_0103,2023-05-21,5,10,True
FB_0673,CUST_0390,PROD_0194,2022-06-16,1,4,False
FB_0674,CUST_0111,PROD_0122,2024-05-08,4,4,True
FB_0675,CUST_0145,PROD_0012,2023-06-28,1,1,False
FB_0676,CUST_0253,PROD_0154,2023-03-20,1,2,True
FB_0677,CUST_0054,PROD_0103,2022-01-22,3,10,True
FB_0678,CUST_0025,PROD_0080,2022-11-27,1,3,False
FB_0679,CUST_0475,PROD_0031,2024-04-07,5,1,True
FB_0680,CUST_0127,PROD_0075,2022-10-23,1,5,False
FB_0681,CUST_0284,PROD_0067,2022-11-16,1,4,False
FB_0682,CUST_0039,PROD_0109,2022-05-06,5,2,True
FB_0683,CUST_0106,PROD_0140,2024-02-22,1,2,False
FB_0684,CUST_0051,PROD_0180,2022-06-26,4,2,True
FB_0685,CUST_0401,PROD_0181,2022-07-20,5,5,True
FB_0686,CUST_0156,PROD_0119,2022-01-09,2,9,False
FB_0687,CUST_0048,PROD_0031,2022-09-29,5,8,True
FB_0688,CUST_0070,PROD_0125,2022-06-03,5,4,False
FB_0689,CUST_0435,PROD_0131,2024-01-25,4,7,False
FB_0690,CUST_0097,PROD_0155,2022-05-27,2,9,True
FB_0691,CUST_0471,PROD_0164,2024-10-19,4,2,True
FB_0692,CUST_0401,PROD_0148,2023-08-10,2,4,True
FB_0693,CUST_0179,PROD_0073,2022-04-09,1,4,False
FB_0694,CUST_0112,PROD_0085,2022-04-16,4,10,True
FB_0695,CUST_0199,PROD_0018,2024-04-12,5,6,True
FB_0696,CUST_0166,PROD_0045,2024-10-14,3,2,False
FB_0697,CUST_0325,PROD_0094,2023-08-03,4,2,True
FB_0698,CUST_0267,PROD_0135,2024-01-06,4,7,True
FB_0699,CUST_0030,PROD_0008,2024-01-27,1,10,False
FB_0700,CUST_0232,PROD_0090,2024-04-03,2,6,False
FB_0701,CUST_0454,PROD_0038,2023-01-13,5,2,True
FB_0702,CUST_0200,PROD_0104,2022-09-30,3,6,False
FB_0703,CUST_0196,PROD_0003,2024-09-02,1,1,False
FB_0704,CUST_0440,PROD_0168,2023-07-17,1,1,False
FB_0705,CUST_0441,PROD_0047,2023-06-18,1,9,True
FB_0706,CUST_0449,PROD_0002,2022-01-08,4,9,True
FB_0707,CUST_0498,PROD_0195,2022-07-25,4,3,True
FB_0708,CUST_0242,PROD_0105,2022-12-12,2,9,True
FB_0709,CUST_0180,PROD_0169,2022-11-27,2,4,False
FB_0710,CUST_0093,PROD_0045,2022-11-14,3,1,False
FB_0711,CUST_0168,PROD_0040,2024-12-13,2,6,True
FB_0712,CUST_0001,PROD_0070,2022-07-08,1,9,False
FB_0713,CUST_0310,PROD_0030,2023-04-13,3,2,False
FB_0714,CUST_0178,PROD_0171,2022-03-02,2,6,False
FB_0715,CUST_0085,PROD_0197,2024-12-22,5,3,False
FB_0716,CUST_0149,PROD_0031,2024-01-07,4,9,False
FB_0717,CUST_0269,PROD_0062,2022-03-01,2,9,True
FB_0718,CUST_0013,PROD_0077,2022-07-29,5,5,True
FB_0719,CUST_0155,PROD_0020,2023-11-13,2,9,False
FB_0720,CUST_0148,PROD_0121,2024-04-19,4,5,True
FB_0721,CUST_0090,PROD_0022,2024-11-10,5,10,True
FB_0722,CUST_0198,PROD_0057,2023-12-07,4,9,True
FB_0723,CUST_0238,PROD_0143,2022-08-25,2,2,False
FB_0724,CUST_0129,PROD_0062,2024-04-04,5,10,True
FB_0725,CUST_0417,PROD_0085,2023-10-24,3,8,False
FB_0726,CUST_0358,PROD_0197,2022-02-12,5,5,True
FB_0727,CUST_0428,PROD_0108,2024-05-30,5,1,True
FB_0728,CUST_0458,PROD_0040,2024-11-30,5,9,True
FB_0729,CUST_0194,PROD_0018,2022-04-10,4,7,True
FB_0730,CUST_0120,PROD_0116,2023-07-14,3,8,True
FB_0731,CUST_0205,PROD_0082,2022-10-22,4,7,True
FB_0732,CUST_0215,PROD_0170,2022-05-22,3,10,False
FB_0733,CUST_0184,PROD_0057,2022-02-11,5,5,False
FB_0734,CUST_0371,PROD_0103,2022-11-26,5,7,True
FB_0735,CUST_0155,PROD_0118,2024-10-18,2,1,False
FB_0736,CUST_0124,PROD_0191,2022-10-16,3,3,False
FB_0737,CUST_0263,PROD_0002,2022-03-07,2,8,False
FB_0738,CUST_0057,PROD_0185,2023-11-09,2,7,False
FB_0739,CUST_0274,PROD_0087,2023-10-08,4,5,False
FB_0740,CUST_0090,PROD_0128,2024-02-15,1,5,False
FB_0741,CUST_0232,PROD_0016,2023-05-05,2,4,False
FB_0742,CUST_0346,PROD_0154,2023-08-20,3,3,True
FB_0743,CUST_0165,PROD_0164,2022-10-13,5,4,True
FB_0744,CUST_0011,PROD_0036,2024-06-10,4,3,False
FB_0745,CUST_0081,PROD_0026,2024-09-21,3,3,False
FB_0746,CUST_0014,PROD_0078,2022-06-28,4,8,True
FB_0747,CUST_0184,PROD_0176,2023-05-09,5,3,False
FB_0748,CUST_0310,PROD_0054,2024-08-30,1,7,False
FB_0749,CUST_0420,PROD_0091,2022-03-09,2,2,False
FB_0750,CUST_0257,PROD_0012,2023-09-11,5,6,True
FB_0751,CUST_0078,PROD_0012,2024-05-06,1,10,True
FB_0752,CUST_0296,PROD_0062,2023-05-14,2,6,False
FB_0753,CUST_0310,PROD_0125,2022-06-23,5,1,True
FB_0754,CUST_0331,PROD_0006,2023-01-12,5,6,True
FB_0755,CUST_0193,PROD_0038,2023-01-13,3,5,True
FB_0756,CUST_0264,PROD_0190,2024-01-25,3,10,True
FB_0757,CUST_0373,PROD_0116,2022-10-20,2,1,False
FB_0758,CUST_0373,PROD_0056,2022-10-07,1,7,False
FB_0759,CUST_0470,PROD_0137,2022-06-04,3,6,False
FB_0760,CUST_0226,PROD_0188,2023-08-13,2,1,False
FB_0761,CUST_0484,PROD_0194,2023-12-24,3,10,True
FB_0762,CUST_0344,PROD_0116,2024-10-18,4,7,True
FB_0763,CUST_0030,PROD_0089,2022-12-29,4,7,True
FB_0764,CUST_0014,PROD_0148,2022-11-24,5,2,False
FB_0765,CUST_0281,PROD_0015,2024-04-13,2,10,False
FB_0766,CUST_0068,PROD_0063,2022-05-22,1,8,True
FB_0767,CUST_0198,PROD_0162,2024-09-05,4,4,True
FB_0768,CUST_0070,PROD_0039,2023-02-11,4,2,True
FB_0769,CUST_0037,PROD_0036,2024-02-15,5,5,False
FB_0770,CUST_0113,PROD_0128,2022-06-21,1,3,False
FB_0771,CUST_0012,PROD_0011,2022-03-01,2,6,False
FB_0772,CUST_0448,PROD_0063,2022-05-30,1,5,False
FB_0773,CUST_0307,PROD_0169,2024-10-25,4,7,True
FB_0774,CUST_0498,PROD_0123,2023-06-13,1,9,False
FB_0775,CUST_0212,PROD_0088,2022-05-27,3,4,True
FB_0776,CUST_0049,PROD_0026,2023-07-17,1,7,False
FB_0777,CUST_0359,PROD_0110,2024-03-15,3,3,False
FB_0778,CUST_0444,PROD_0057,2024-01-26,1,3,False
FB_0779,CUST_0144,PROD_0081,2023-12-09,1,8,False
FB_0780,CUST_0161,PROD_0193,2024-03-01,5,8,True
FB_0781,CUST_0271,PROD_0113,2024-11-13,4,7,True
FB_0782,CUST_0143,PROD_0148,2023-08-13,3,2,False
FB_0783,CUST_0209,PROD_0161,2022-10-10,3,1,False
FB_0784,CUST_0497,PROD_0146,2024-05-07,3,9,True
FB_0785,CUST_0074,PROD_0173,2022-04-22,4,3,False
FB_0786,CUST_0365,PROD_0127,2023-01-03,5,4,True
FB_0787,CUST_0315,PROD_0113,2023-03-18,4,5,True
FB_0788,CUST_0068,PROD_0148,2022-08-14,3,7,True
FB_0789,CUST_0096,PROD_0038,2023-02-06,3,8,False
FB_0790,CUST_0467,PROD_0089,2024-10-06,5,8,True
FB_0791,CUST_0060,PROD_0134,2023-08-20,1,8,False
FB_0792,CUST_0118,PROD_0167,2024-12-20,1,5,False
FB_0793,CUST_0397,PROD_0063,2023-01-31,5,3,True
FB_0794,CUST_0163,PROD_0017,2024-03-19,4,7,True
FB_0795,CUST_0203,PROD_0051,2024-04-13,2,3,False
FB_0796,CUST_0003,PROD_0029,2022-05-18,2,3,True
FB_0797,CUST_0457,PROD_0185,2024-11-26,4,5,False
FB_0798,CUST_0419,PROD_0065,2023-02-21,2,4,False
FB_0799,CUST_0346,PROD_0148,2024-02-20,1,9,False
FB_0800,CUST_0256,PROD_0186,2022-06-25,2,7,False
FB_0801,CUST_0328,PROD_0174,2023-06-03,5,7,True
FB_0802,CUST_0288,PROD_0095,2024-05-08,3,10,True
FB_0803,CUST_0444,PROD_0049,2022-10-26,4,6,True
FB_0804,CUST_0192,PROD_0013,2022-01-02,1,2,False
FB_0805,CUST_0201,PROD_0029,2024-08-31,3,9,True
FB_0806,CUST_0111,PROD_0135,2024-11-09,5,1,True
FB_0807,CUST_0327,PROD_0018,2022-05-06,2,5,True
FB_0808,CUST_0179,PROD_0104,2024-02-28,5,2,True
FB_0809,CUST_0098,PROD_0134,2022-07-31,3,9,False
FB_0810,CUST_0159,PROD_0118,2023-10-17,4,1,True
FB_0811,CUST_0320,PROD_0164,2022-01-25,1,9,False
FB_0812,CUST_0145,PROD_0115,2022-08-14,4,8,True
FB_0813,CUST_0047,PROD_0156,2022-03-18,2,2,False
FB_0814,CUST_0248,PROD_0180,2022-07-30,4,2,True
FB_0815,CUST_0265,PROD_0100,2024-05-18,5,7,True
FB_0816,CUST_0292,PROD_0147,2024-08-20,4,6,True
FB_0817,CUST_0082,PROD_0106,2022-05-15,3,6,False
FB_0818,CUST_0497,PROD_0138,2023-03-01,3,4,False
FB_0819,CUST_0330,PROD_0139,2022-05-18,5,7,False
FB_0820,CUST_0362,PROD_0039,2024-01-27,2,6,False
FB_0821,CUST_0297,PROD_0168,2024-11-08,2,3,False
FB_0822,CUST_0338,PROD_0037,2022-07-13,4,8,True
FB_0823,CUST_0035,PROD_0175,2023-11-08,5,7,False
FB_0824,CUST_0310,PROD_0054,2022-01-09,2,1,False
FB_0825,CUST_0105,PROD_0041,2024-08-04,2,8,False
FB_0826,CUST_0304,PROD_0144,2023-03-31,3,2,True
FB_0827,CUST_0085,PROD_0082,2022-09-15,5,6,False
FB_0828,CUST_0055,PROD_0062,2022-01-10,5,8,True
FB_0829,CUST_0275,PROD_0145,2024-08-24,3,1,False
FB_0830,CUST_0285,PROD_0184,2022-12-08,4,8,False
FB_0831,CUST_0471,PROD_0192,2022-08-26,1,9,False
FB_0832,CUST_0164,PROD_0033,2024-09-11,5,4,True
FB_0833,CUST_0005,PROD_0114,2022-06-19,1,1,False
FB_0834,CUST_0073,PROD_0050,2023-08-28,3,4,False
FB_0835,CUST_0379,PROD_0169,2024-09-17,4,8,False
FB_0836,CUST_0479,PROD_0031,2024-08-30,1,7,False
FB_0837,CUST_0180,PROD_0198,2024-03-27,4,7,True
FB_0838,CUST_0311,PROD_0157,2024-02-13,5,4,True
FB_0839,CUST_0399,PROD_0069,2022-02-02,2,6,False
FB_0840,CUST_0480,PROD_0073,2022-10-11,4,6,False
FB_0841,CUST_0320,PROD_0052,2023-01-09,2,2,False
FB_0842,CUST_0125,PROD_0160,2022-01-28,4,1,True
FB_0843,CUST_0245,PROD_0172,2023-05-14,3,2,False
FB_0844,CUST_0404,PROD_0164,2022-08-23,1,1,True
FB_0845,CUST_0036,PROD_0102,2022-11-07,3,1,False
FB_0846,CUST_0206,PROD_0090,2023-03-04,3,8,False
FB_0847,CUST_0443,PROD_0143,2023-02-21,2,6,False
FB_0848,CUST_0184,PROD_0126,2022-07-02,4,2,False
FB_0849,CUST_0242,PROD_0146,2022-07-06,3,4,False
FB_0850,CUST_0437,PROD_0073,2023-05-07,2,1,True
FB_0851,CUST_0483,PROD_0127,2022-10-12,4,7,True
FB_0852,CUST_0399,PROD_0133,2022-10-18,3,9,False
FB_0853,CUST_0440,PROD_0152,2022-12-07,4,3,True
FB_0854,CUST_0021,PROD_0009,2022-10-17,2,7,True
FB_0855,CUST_0156,PROD_0171,2024-02-12,1,2,False
FB_0856,CUST_0144,PROD_0054,2022-10-21,4,2,True
FB_0857,CUST_0374,PROD_0015,2023-02-10,2,7,False
FB_0858,CUST_0307,PROD_0183,2023-02-16,1,2,True
FB_0859,CUST_0370,PROD_0010,2022-04-18,5,10,True
FB_0860,CUST_0284,PROD_0114,2024-12-03,2,1,True
FB_0861,CUST_0089,PROD_0135,2023-04-18,3,5,False
FB_0862,CUST_0279,PROD_0154,2023-01-04,5,1,True
FB_0863,CUST_0473,PROD_0068,2023-03-28,4,7,True
FB_0864,CUST_0125,PROD_0198,2024-05-05,3,9,True
FB_0865,CUST_0072,PROD_0036,2024-05-28,5,2,True
FB_0866,CUST_0400,PROD_0118,2023-06-10,3,6,True
FB_0867,CUST_0425,PROD_0023,2022-03-16,3,9,False
FB_0868,CUST_0005,PROD_0157,2024-06-05,4,4,True
FB_0869,CUST_0072,PROD_0025,2022-09-13,3,3,False
FB_0870,CUST_0243,PROD_0105,2023-12-31,1,2,False
FB_0871,CUST_0219,PROD_0123,2022-07-21,5,8,True
FB_0872,CUST_0337,PROD_0136,2023-03-20,4,4,True
FB_0873,CUST_0013,PROD_0023,2024-03-23,2,8,False
FB_0874,CUST_0304,PROD_0041,2023-01-12,4,7,False
FB_0875,CUST_0264,PROD_0177,2024-11-20,1,10,False
FB_0876,CUST_0330,PROD_0102,2022-06-25,4,3,True
FB_0877,CUST_0238,PROD_0075,2023-05-11,4,9,True
FB_0878,CUST_0166,PROD_0088,2024-09-03,4,8,False
FB_0879,CUST_0166,PROD_0155,2024-10-12,4,5,True
FB_0880,CUST_0468,PROD_0143,2024-01-27,5,1,True
FB_0881,CUST_0474,PROD_0019,2023-08-19,1,2,False
FB_0882,CUST_0248,PROD_0142,2023-01-21,5,2,True
FB_0883,CUST_0445,PROD_0102,2023-12-20,2,9,True
FB_0884,CUST_0332,PROD_0030,2023-09-24,5,7,True
FB_0885,CUST_0447,PROD_0167,2024-01-10,1,10,False
FB_0886,CUST_0139,PROD_0153,2023-01-06,5,9,True
FB_0887,CUST_0328,PROD_0119,2022-04-12,2,1,False
FB_0888,CUST_0010,PROD_0032,2022-07-28,2,6,True
FB_0889,CUST_0330,PROD_0130,2024-03-12,1,5,True
FB_0890,CUST_0206,PROD_0170,2023-12-07,2,3,False
FB_0891,CUST_0436,PROD_0049,2024-04-15,4,2,False
FB_0892,CUST_0087,PROD_0011,2022-01-28,5,4,True
FB_0893,CUST_0416,PROD_0067,2022-12-20,4,7,True
FB_0894,CUST_0360,PROD_0147,2024-07-13,2,8,True
FB_0895,CUST_0358,PROD_0084,2024-10-10,1,5,False
FB_0896,CUST_0485,PROD_0170,2024-01-23,4,8,True
FB_0897,CUST_0369,PROD_0098,2024-10-06,2,6,False
FB_0898,CUST_0482,PROD_0096,2023-03-25,3,2,False
FB_0899,CUST_0336,PROD_0110,2024-05-07,3,9,False
FB_0900,CUST_0260,PROD_0051,2023-08-31,5,4,False
FB_0901,CUST_0323,PROD_0041,2024-05-02,4,4,False
FB_0902,CUST_0425,PROD_0077,2024-11-26,3,4,True
FB_0903,CUST_0441,PROD_0170,2024-08-01,4,6,True
FB_0904,CUST_0474,PROD_0131,2023-08-19,2,3,False
FB_0905,CUST_0337,PROD_0167,2023-05-31,2,7,True
FB_0906,CUST_0183,PROD_0007,2023-09-18,3,1,True
FB_0907,CUST_0306,PROD_0045,2024-12-25,3,7,False
FB_0908,CUST_0376,PROD_0003,2022-04-15,4,4,True
FB_0909,CUST_0470,PROD_0195,2023-02-06,5,1,False
FB_0910,CUST_0117,PROD_0190,2024-09-30,2,10,False
FB_0911,CUST_0326,PROD_0089,2022-01-10,2,9,True
FB_0912,CUST_0216,PROD_0036,2023-11-18,5,6,True
FB_0913,CUST_0020,PROD_0174,2022-09-29,1,6,False
FB_0914,CUST_0492,PROD_0144,2022-07-12,2,6,True
FB_0915,CUST_0072,PROD_0119,2023-06-27,2,4,False
FB_0916,CUST_0097,PROD_0021,2022-07-25,1,4,True
FB_0917,CUST_0141,PROD_0043,2024-04-01,3,3,False
FB_0918,CUST_0077,PROD_0142,2024-06-08,4,3,True
FB_0919,CUST_0355,PROD_0014,2024-12-08,3,8,False
FB_0920,CUST_0284,PROD_0184,2023-12-18,3,5,True
FB_0921,CUST_0133,PROD_0162,2024-06-02,1,10,False
FB_0922,CUST_0166,PROD_0025,2022-06-10,4,5,True
FB_0923,CUST_0161,PROD_0194,2023-03-27,5,1,True
FB_0924,CUST_0243,PROD_0048,2022-08-09,4,8,True
FB_0925,CUST_0227,PROD_0065,2024-02-29,1,3,False
FB_0926,CUST_0426,PROD_0122,2024-02-07,4,3,True
FB_0927,CUST_0453,PROD_0026,2022-12-22,4,1,True
FB_0928,CUST_0262,PROD_0168,2024-06-24,3,1,False
FB_0929,CUST_0293,PROD_0060,2022-06-21,5,7,True
FB_0930,CUST_0405,PROD_0061,2023-11-20,1,8,False
FB_0931,CUST_0172,PROD_0009,2023-11-07,5,9,True
FB_0932,CUST_0469,PROD_0174,2024-05-07,3,2,False
FB_0933,CUST_0144,PROD_0059,2024-12-23,5,9,True
FB_0934,CUST_0258,PROD_0089,2022-07-05,3,3,False
FB_0935,CUST_0190,PROD_0156,2023-05-12,4,6,True
FB_0936,CUST_0284,PROD_0045,2023-05-02,1,4,False
FB_0937,CUST_0242,PROD_0093,2024-01-30,4,8,True
FB_0938,CUST_0057,PROD_0184,2023-11-10,3,10,False
FB_0939,CUST_0322,PROD_0067,2023-02-02,1,9,False
FB_0940,CUST_0128,PROD_0112,2024-02-02,2,2,False
FB_0941,CUST_0341,PROD_0150,2024-09-17,3,2,True
FB_0942,CUST_0209,PROD_0038,2022-08-23,5,3,True
FB_0943,CUST_0415,PROD_0017,2024-07-14,2,3,False
FB_0944,CUST_0073,PROD_0176,2022-06-20,1,9,False
FB_0945,CUST_0420,PROD_0159,2022-11-15,1,10,False
FB_0946,CUST_0291,PROD_0020,2023-10-22,4,4,False
FB_0947,CUST_0399,PROD_0124,2022-08-22,1,3,False
FB_0948,CUST_0001,PROD_0114,2023-08-22,4,10,True
FB_0949,CUST_0443,PROD_0051,2022-04-26,3,5,True
FB_0950,CUST_0006,PROD_0046,2022-01-13,2,7,False
FB_0951,CUST_0285,PROD_0157,2022-03-12,2,5,True
FB_0952,CUST_0088,PROD_0153,2023-10-10,5,8,True
FB_0953,CUST_0122,PROD_0167,2022-04-08,2,10,False
FB_0954,CUST_0209,PROD_0176,2024-07-29,3,5,False
FB_0955,CUST_0123,PROD_0109,2024-10-31,1,2,False
FB_0956,CUST_0229,PROD_0045,2022-05-27,1,6,False
FB_0957,CUST_0126,PROD_0072,2024-02-08,1,9,False
FB_0958,CUST_0077,PROD_0001,2022-07-21,3,9,False
FB_0959,CUST_0408,PROD_0061,2022-12-22,2,4,False
FB_0960,CUST_0268,PROD_0032,2024-04-21,2,7,False
FB_0961,CUST_0276,PROD_0145,2022-06-26,3,7,False
FB_0962,CUST_0384,PROD_0131,2023-09-20,4,7,True
FB_0963,CUST_0024,PROD_0011,2022-02-17,2,2,True
FB_0964,CUST_0400,PROD_0013,2024-08-28,1,8,False
FB_0965,CUST_0124,PROD_0069,2024-01-18,2,9,True
FB_0966,CUST_0093,PROD_0056,2024-07-28,2,6,True
FB_0967,CUST_0452,PROD_0200,2022-06-14,5,5,True
FB_0968,CUST_0479,PROD_0094,2024-05-10,5,8,False
FB_0969,CUST_0177,PROD_0087,2024-03-08,1,10,False
FB_0970,CUST_0220,PROD_0128,2022-06-10,2,8,False
FB_0971,CUST_0385,PROD_0037,2024-05-21,2,10,False
FB_0972,CUST_0055,PROD_0035,2024-04-02,4,8,True
FB_0973,CUST_0191,PROD_0094,2024-10-09,2,8,False
FB_0974,CUST_0279,PROD_0135,2024-09-05,3,1,False
FB_0975,CUST_0112,PROD_0176,2023-08-15,4,2,True
FB_0976,CUST_0404,PROD_0101,2024-02-20,2,7,False
FB_0977,CUST_0001,PROD_0076,2022-08-15,1,8,True
FB_0978,CUST_0351,PROD_0077,2022-12-23,1,6,False
FB_0979,CUST_0262,PROD_0059,2022-08-19,5,7,True
FB_0980,CUST_0455,PROD_0107,2023-06-21,3,5,False
FB_0981,CUST_0194,PROD_0138,2024-03-04,5,9,True
FB_0982,CUST_0111,PROD_0097,2023-04-19,1,5,False
FB_0983,CUST_0350,PROD_0155,2023-04-12,4,4,True
FB_0984,CUST_0296,PROD_0047,2022-10-24,5,2,False
FB_0985,CUST_0479,PROD_0015,2024-02-25,4,4,True
FB_0986,CUST_0023,PROD_0068,2022-04-13,4,3,True
FB_0987,CUST_0279,PROD_0116,2022-12-15,2,9,False
FB_0988,CUST_0246,PROD_0032,2024-11-28,2,1,True
FB_0989,CUST_0229,PROD_0179,2024-03-31,1,6,False
FB_0990,CUST_0427,PROD_0148,2024-09-04,3,10,True
FB_0991,CUST_0162,PROD_0042,2022-10-04,1,8,True
FB_0992,CUST_0143,PROD_0140,2024-04-18,3,7,True
FB_0993,CUST_0284,PROD_0159,2024-12-30,1,7,False
FB_0994,CUST_0109,PROD_0162,2023-10-04,4,4,False
FB_0995,CUST_0103,PROD_0025,2022-12-11,5,8,True
FB_0996,CUST_0230,PROD_0046,2024-04-28,1,7,False
FB_0997,CUST_0112,PROD_0125,2024-11-04,1,2,True
FB_0998,CUST_0201,PROD_0136,2022-12-08,1,2,True
FB_0999,CUST_0256,PROD_0020,2024-05-22,4,6,True
FB_1000,CUST_0059,PROD_0100,2023-03-31,2,7,False
